fpr,tpr,threshold
0.0,0.0,inf
0.0,0.14285714285714285,28.493333333333332
0.0,0.5714285714285714,27.17833333333333
0.14285714285714285,0.5714285714285714,26.788333333333334
0.14285714285714285,0.7142857142857143,26.72833333333333
0.19047619047619047,0.7142857142857143,26.523333333333333
0.19047619047619047,1.0,26.423333333333332
0.2857142857142857,1.0,26.413333333333334
0.38095238095238093,1.0,26.338333333333335
1.0,1.0,24.923333333333332
